,Accuracy,F1,Precision,Recall,F1 std
0,0.6613399999999999,0.66082,0.6613399999999999,0.66448,0.02759792745841614
