,Accuracy,F1,Precision,Recall,F1 std
0,0.67866,0.67816,0.67866,0.69874,0.02152511091725198
