,Accuracy,F1,Precision,Recall,F1 std
0,0.7586600000000001,0.7588999999999999,0.7586600000000001,0.7640600000000001,0.029425703050224673
