,Accuracy,F1,Precision,Recall,F1 std
0,0.65866,0.6521199999999999,0.65866,0.6737599999999999,0.11669915852310161
