,Accuracy,F1,Precision,Recall,F1 std
0,0.8173199999999999,0.8181200000000001,0.8173199999999999,0.82704,0.005530063290777053
