,Accuracy,F1,Precision,Recall,F1 std
0,0.8144,0.81498,0.8144,0.8168599999999999,0.009318240177200822
