,Accuracy,F1,Precision,Recall,F1 std
0,0.6806599999999999,0.68036,0.6806599999999999,0.68524,0.013062710285388702
