,Accuracy,F1,Precision,Recall,F1 std
0,0.80562,0.8059200000000001,0.80562,0.8121,0.005483940189316431
