,Accuracy,F1,Precision,Recall,F1 std
0,0.6726599999999999,0.6746,0.6726599999999999,0.69838,0.0358734999686398
