,Accuracy,F1,Precision,Recall,F1 std
0,0.6180199999999999,0.61696,0.6180199999999999,0.62994,0.018111940812624117
