,Accuracy,F1,Precision,Recall,F1 std
0,0.6886599999999999,0.68874,0.6886599999999999,0.69198,0.03162123337252992
