,Accuracy,F1,Precision,Recall,F1 std
0,0.80852,0.80894,0.80852,0.81766,0.00921924074964962
