,Accuracy,F1,Precision,Recall,F1 std
0,0.8189400000000001,0.8189,0.8189400000000001,0.8202,0.03236850320913834
