,Accuracy,F1,Precision,Recall,F1 std
0,0.606,0.6051200000000001,0.606,0.6159800000000001,0.015545340137803334
