,Accuracy,F1,Precision,Recall,F1 std
0,0.61934,0.61836,0.61934,0.62532,0.012499215975412222
