,Accuracy,F1,Precision,Recall,F1 std
0,0.76374,0.7635799999999999,0.76374,0.774,0.007350482977328755
