,Accuracy,F1,Precision,Recall,F1 std
0,0.76854,0.7683800000000001,0.76854,0.7786799999999999,0.014004199370188942
