,Accuracy,F1,Precision,Recall,F1 std
0,0.66934,0.66982,0.66934,0.67622,0.0365144026378633
