,Accuracy,F1,Precision,Recall,F1 std
0,0.79146,0.7914800000000001,0.79146,0.8001800000000001,0.01644693284475863
