,Accuracy,F1,Precision,Recall,F1 std
0,0.692,0.6916199999999999,0.692,0.70676,0.016845699748006905
