,Accuracy,F1,Precision,Recall,F1 std
0,0.62,0.6194999999999999,0.62,0.62694,0.009840121950463854
