,Accuracy,F1,Precision,Recall,F1 std
0,0.81146,0.81182,0.81146,0.81412,0.008013838031804743
