,Accuracy,F1,Precision,Recall,F1 std
0,0.81918,0.81968,0.81918,0.8222400000000001,0.011498243344093937
