,Accuracy,F1,Precision,Recall,F1 std
0,0.8442399999999999,0.8446,0.8442399999999999,0.84762,0.012244182292011168
