,Accuracy,F1,Precision,Recall,F1 std
0,0.8093600000000001,0.8097800000000002,0.8093600000000001,0.8115,0.01585400895672762
