,Accuracy,F1,Precision,Recall,F1 std
0,0.74734,0.74858,0.74734,0.75588,0.03976870126116769
