,Accuracy,F1,Precision,Recall,F1 std
0,0.62934,0.62826,0.62934,0.6443800000000001,0.045617829847549744
