,Accuracy,F1,Precision,Recall,F1 std
0,0.77518,0.77532,0.77518,0.78608,0.007414148636222481
