,Accuracy,F1,Precision,Recall,F1 std
0,0.67866,0.67904,0.67866,0.6864399999999999,0.02733573485385018
