,Accuracy,F1,Precision,Recall,F1 std
0,0.8325400000000001,0.8331,0.8325400000000001,0.83496,0.006850693395562227
