,Accuracy,F1,Precision,Recall,F1 std
0,0.8495799999999999,0.8496799999999999,0.8495799999999999,0.8511599999999999,0.013749385440811506
