,Accuracy,F1,Precision,Recall,F1 std
0,0.69732,0.6973799999999999,0.69732,0.7003400000000001,0.043134459542226763
