,Accuracy,F1,Precision,Recall,F1 std
0,0.7709399999999998,0.7710799999999999,0.7709399999999998,0.78212,0.015354790783335324
