,Accuracy,F1,Precision,Recall,F1 std
0,0.78,0.77956,0.78,0.788,0.027657953648091916
