,Accuracy,F1,Precision,Recall,F1 std
0,0.66266,0.66308,0.66266,0.67428,0.023646598063992205
