,Accuracy,F1,Precision,Recall,F1 std
0,0.85068,0.85104,0.85068,0.8530999999999999,0.007932111950798458
